Name,Birthdate,Age,Player ID,Position
Bryan Ramirez Ruano,06/02/2008,16,1115670,Torwart
Gonçalo Fernandes Da Silva,29/03/2008,16,1138256,Torwart
Noan Hirt,14/01/2008,16,1138276,Torwart
Théodore Pizarro,13/06/2008,16,1138284,Torwart
Gaspar Geiger,18/04/2008,16,1138251,Abwehr
Thomas Heller,19/02/2008,16,1138258,Abwehr
Aleksa Randelovic,29/06/2008,16,1138286,Abwehr
Orges Serifi,22/05/2008,16,1138249,Innenverteidiger
Dzan Sabotic,21/04/2008,16,1138254,Innenverteidiger
Gil Zufferey,02/03/2008,16,1138259,Innenverteidiger
Evan Gindrat,03/04/2008,16,1138275,Innenverteidiger
Aleksandar Sekulic,16/04/2008,16,1138288,Innenverteidiger
Leon Sylejmani,30/05/2008,16,1138289,Innenverteidiger
Olivier Mambwa,05/12/2008,15,1138260,Linker Verteidiger
Sven Spühler,28/01/2008,16,1138252,Rechter Verteidiger
Gabriel Morisoli,17/07/2008,16,1138257,Rechter Verteidiger
Nicolas Verga,20/01/2008,16,1138267,Rechter Verteidiger
Niklas Beeler,15/07/2008,16,1138269,Rechter Verteidiger
Bozhidar Hristov,11/09/2008,16,1138270,Rechter Verteidiger
Nico Lazri,29/01/2008,16,1138253,Defensives Mittelfeld
Leonit Ibraimov,16/06/2008,16,1138261,Defensives Mittelfeld
Marco Correia,24/02/2008,16,1138262,Mittelfeld
Emiliano Aguirre Muñoz,14/01/2008,16,1138263,Mittelfeld
Sarjon Fetaj,05/01/2008,16,1138273,Defensives Mittelfeld
Leon Miftari,06/06/2008,16,1138278,Defensives Mittelfeld
Altin Mujota,30/04/2008,16,1138281,Mittelfeld
Leon Ramadani,24/09/2008,16,1138285,Mittelfeld
Denis Sahin,23/06/2008,16,1138287,Defensives Mittelfeld
Adam Ilic,03/05/2008,16,1138248,Zentrales Mittelfeld
Jill Stiel,01/05/2008,16,1138250,Zentrales Mittelfeld
Giuliano Incognito,03/01/2008,16,1138277,Zentrales Mittelfeld
Dominik Papic,14/05/2008,16,1138283,Rechtes Mittelfeld
Yannis Odin,19/08/2008,16,1138282,Linkes Mittelfeld
Marc-Alexis Agboton,30/01/2008,16,1138245,Offensives Mittelfeld
Matteo Fanciulli,07/01/2008,16,1138264,Offensives Mittelfeld
Mladen Mijajlovic,16/03/2008,16,1138280,Offensives Mittelfeld
Muhamed Kurtishi,24/08/2008,16,1138246,Linksaußen
Norbu Lhakpa,27/06/2008,16,1138247,Linksaußen
Giacomo Koloto,31/01/2008,16,1138255,Mittelstürmer
Josip Bralic,25/01/2008,16,1138265,Mittelstürmer
Sandro Wyss,03/05/2008,16,1138268,Mittelstürmer
Raffaele Caggiano,28/08/2008,16,1138271,Sturm
Ilija Despotovic,10/01/2008,16,1138272,Mittelstürmer
Ismael Flaig,30/08/2008,16,1138274,Sturm
Jérôme Bieler,21/07/2007,17,1015754,Torwart
Nico Wenger,08/07/2007,17,1015820,Torwart
Elia Pecora,11/01/2007,17,1015768,Torwart
Lionel Huwiler,17/02/2007,17,1015811,Torwart
Til Büchler,31/12/2007,16,1015821,Abwehr
Adrien Bernhardsgrütter,20/03/2007,17,980556,Abwehr
Marvin Akahomen,15/07/2007,17,1015823,Innenverteidiger
Giuliano Bieri,29/08/2007,17,1015755,Innenverteidiger
Eman Kospo,17/05/2007,17,1015822,Innenverteidiger
Leart Salihu,14/02/2007,17,1015816,Innenverteidiger
Neil Volken,23/04/2007,17,1015824,Linker Verteidiger
Valentin Beck,20/01/2007,17,1015753,Linker Verteidiger
Ryan Bucher,13/03/2007,17,1015756,Linker Verteidiger
Romeo Philippin,14/05/2007,17,1015814,Linker Verteidiger
Gabriel Bechinger,11/02/2007,17,1015752,Rechter Verteidiger
Ruben Gomez,01/02/2007,17,1015817,Rechter Verteidiger
Mathys Rau,03/01/2007,17,1015813,Rechter Verteidiger
Simon Graber,19/03/2007,17,1015757,Rechter Verteidiger
Jamiro Huber,15/11/2007,16,1015761,Mittelfeld
Elio Rufener,12/02/2007,17,1015825,Defensives Mittelfeld
Enis Nimoni,14/01/2007,17,1015766,Defensives Mittelfeld
Alessio Burkhardt,22/01/2007,17,1015826,Mittelfeld
Yusupha Touray,13/04/2007,17,765506,Defensives Mittelfeld
Ilija Maslarov,02/01/2007,17,1015812,Defensives Mittelfeld
Eronis Haxhiu,09/09/2007,17,1015759,Defensives Mittelfeld
Gjan Ajdin,13/01/2007,17,1015809,Defensives Mittelfeld
Elmedin Schaller,22/01/2007,17,1015819,Mittelfeld
Gabriel Marotta,24/01/2007,17,1015764,Mittelfeld
Mio Zimmermann,08/08/2007,17,1015772,Zentrales Mittelfeld
Eliano Guido,04/04/2007,17,1015828,Zentrales Mittelfeld
Philipp Muff,12/05/2007,17,1015765,Zentrales Mittelfeld
Evin Oektem,25/01/2007,17,1015767,Linkes Mittelfeld
Cris Ilis,02/04/2007,17,1015827,Offensives Mittelfeld
Eduardo Iezzi Penteado,11/10/2007,17,1015769,Offensives Mittelfeld
Zidan Tairi,17/04/2007,17,1015808,Offensives Mittelfeld
Christian Raffa,07/04/2007,17,1015770,Linksaußen
Loris Macumi,04/01/2007,17,1015763,Linksaußen
Agon Rexhaj,24/03/2007,17,1015815,Rechtsaußen
Lias Sutter,29/01/2007,17,1015771,Sturm
Dion Cakolli,07/06/2007,17,1015810,Mittelstürmer
Melvin Hodza,15/05/2007,17,1015760,Mittelstürmer
Tugra Turhan,09/08/2007,17,1015829,Mittelstürmer
Mahé Guaico,17/11/2007,16,1015758,Sturm
Miguel Mardochée,22/05/2007,17,1015818,Mittelstürmer
Fabio Titone Marques,05/02/2004,20,678840,Torwart
Brian Atangana,22/01/2004,20,724393,Torwart
Tim Spycher,13/04/2004,20,604817,Torwart
Lukas Steiner,10/01/2004,20,679239,Torwart
Mischa Beeli,05/02/2004,20,667458,Innenverteidiger
Santiago Pedrazzini,04/04/2004,20,667469,Innenverteidiger
Pascal Hammer,20/01/2004,20,667462,Innenverteidiger
Dion Dermaku,21/08/2004,20,679217,Innenverteidiger
Ramon Guzzo,05/07/2004,20,659313,Linker Verteidiger
Leny Meyer,01/07/2004,20,678843,Linker Verteidiger
Filipe Morais Alves,04/01/2004,20,679240,Linker Verteidiger
Exaucé Luwawa,26/08/2004,20,679219,Linker Verteidiger
Ledjan Sahitaj,12/01/2004,20,659326,Rechter Verteidiger
Ciril Pahud,25/03/2004,20,667468,Rechter Verteidiger
Ethan Brandy,10/11/2004,20,678841,Rechter Verteidiger
Leon Avdullahu,23/02/2004,20,667457,Defensives Mittelfeld
Joss Marques,14/01/2004,20,678845,Defensives Mittelfeld
Philipp Novakovic,23/02/2004,20,667467,Defensives Mittelfeld
Joël Mandaka,12/03/2004,20,678842,Zentrales Mittelfeld
Liburn Azemi,23/09/2004,20,678844,Zentrales Mittelfeld
Burak Alili,11/02/2004,20,667455,Zentrales Mittelfeld
Nathan Wicht,20/02/2004,20,667470,Zentrales Mittelfeld
Fred Annor-Mensah,26/08/2004,20,667456,Zentrales Mittelfeld
Liam Chipperfield,14/02/2004,20,604780,Zentrales Mittelfeld
Elias Maluvunu,03/08/2004,20,667464,Rechtes Mittelfeld
Francesco Di Maggio,18/03/2004,20,659283,Rechtes Mittelfeld
Robin Schneider,21/08/2004,20,679222,Rechtes Mittelfeld
Eric Jorge,06/02/2004,20,679218,Rechtes Mittelfeld
Levin Schneider,21/08/2004,20,679221,Rechtes Mittelfeld
Ronaldo Dantas Fernandes,13/12/2004,19,678846,Offensives Mittelfeld
Nik Dubler,02/04/2004,20,631846,Offensives Mittelfeld
Vincent Spari,03/01/2004,20,659452,Offensives Mittelfeld
Samy Muhammad,20/04/2004,20,679220,Offensives Mittelfeld
Levy Maltet,27/06/2004,20,604826,Linksaußen
Luuk Breedijk,20/02/2004,20,678847,Linksaußen
Jared Lembo,08/04/2004,20,667463,Linksaußen
Edon Berisha,03/01/2004,20,667459,Linksaußen
Cristian Bleisch,20/04/2004,20,667460,Rechtsaußen
Silva Luvualo Simao,18/04/2004,20,678848,Mittelstürmer
Joel Campbell,05/02/2004,20,667461,Mittelstürmer
David Piffero,03/01/2004,20,679229,Mittelstürmer
Federico Crescenti,13/07/2004,20,633190,Mittelstürmer
Marvin Hübel,01/03/2003,21,539804,Torwart
Ysias Hummel,26/03/2003,21,579458,Torwart
Marko Bozinovic,10/02/2003,21,539806,Innenverteidiger
Christian Marques,15/01/2003,21,539807,Innenverteidiger
Albian Hajdari,18/05/2003,21,579459,Innenverteidiger
Bryan Okoh,16/05/2003,21,539795,Innenverteidiger
Mauricio Willimann,16/01/2003,21,539797,Innenverteidiger
Luis Mestre,05/03/2003,21,467136,Linker Verteidiger
Théo Magnin,09/08/2003,21,539808,Rechter Verteidiger
Alejandro Willimann,16/01/2003,21,579460,Defensives Mittelfeld
Besnik Shala,13/05/2003,21,539790,Defensives Mittelfeld
Evan Berrut,24/03/2003,21,539796,Defensives Mittelfeld
Miguel Reichmuth,26/10/2003,21,539809,Zentrales Mittelfeld
Luca Spina,22/02/2003,21,544409,Rechtes Mittelfeld
Dominic Maurer,02/06/2003,21,539799,Linkes Mittelfeld
Carmine Chiappetta,09/03/2003,21,539811,Linkes Mittelfeld
Joël Ribeiro,14/02/2003,21,539794,Offensives Mittelfeld
Kristian Sekularac,07/12/2003,20,539810,Offensives Mittelfeld
Till Mühlethaler,07/08/2003,21,539793,Mittelstürmer
Bradley Fink,17/04/2003,21,539801,Mittelstürmer
Momodou Jaiteh,27/11/2004,19,539800,Mittelstürmer
Kosta Makripodis,26/03/2002,22,500764,Torwart
Joël Bonorand,11/02/2002,22,467122,Torwart
Matthias Grob,20/02/2003,21,539792,Torwart
Leonidas Stergiou,03/03/2002,22,507345,Innenverteidiger
Louis Lurvink,24/01/2002,22,499324,Innenverteidiger
Noah Henchoz,22/02/2002,22,507340,Innenverteidiger
Bung Tsai Freimann,04/07/2002,22,507334,Innenverteidiger
Luca Jaquez,02/06/2003,21,539798,Innenverteidiger
Becir Omeragic,20/01/2002,22,507344,Innenverteidiger
Ludovic Delley,29/06/2002,22,507338,Linker Verteidiger
Théo Gradaille,24/06/2002,22,507343,Linker Verteidiger
Diego Corvalan,17/02/2002,22,507346,Rechter Verteidiger
Cameron Prats,29/05/2002,22,507342,Defensives Mittelfeld
Joaquim Bitz,25/11/2002,21,509830,Defensives Mittelfeld
Yanis Ayad,13/03/2003,21,681296,Defensives Mittelfeld
Mischa Eberhard,11/04/2002,22,507339,Zentrales Mittelfeld
Mihailo Stevanovic,04/01/2002,22,499330,Zentrales Mittelfeld
Josip Brnic,27/05/2002,22,507337,Rechtes Mittelfeld
Kevin Jakob,30/05/2002,22,499348,Rechtes Mittelfeld
Sandro Di Nucci,18/01/2002,22,507335,Offensives Mittelfeld
Fabian Rieder,16/02/2002,22,507341,Offensives Mittelfeld
Sébastien Moulin,23/05/2002,22,507410,Offensives Mittelfeld
Noah Delacombaz,26/09/2002,22,507336,Linksaußen
Yannick Cotter,03/01/2002,22,471140,Linksaußen
Abiran Sambasivam,12/01/2002,22,499345,Linksaußen
Jonathan De Donno,16/02/2002,22,507333,Mittelstürmer
Matteo Regillo,24/04/2002,22,509829,Mittelstürmer
Noah Ruef,02/03/2003,21,539805,Sturm
Niklas Steffen,19/01/2001,23,496237,Torwart
André Pinheiro,19/04/2001,23,507449,Torwart
Yuri-Gino Klein,25/01/2001,23,507448,Torwart
Lucio Soldini,05/04/2001,23,507450,Torwart
Leandro Zbinden,30/07/2002,22,507524,Torwart
Edin Omeragic,20/03/2002,22,507391,Torwart
Elias Mesonero,27/03/2001,23,500751,Innenverteidiger
Elmedin Fazlic,18/07/2002,22,499327,Innenverteidiger
Brian Staubli,27/02/2001,23,492688,Innenverteidiger
Stevan Lujic,25/03/2002,22,388223,Linker Verteidiger
Ashvin Balaruban,08/08/2001,23,507454,Linker Verteidiger
Gianluca Romano,12/06/2001,23,507461,Linker Verteidiger
Daniele Del Fante,22/01/2002,22,507531,Linker Verteidiger
Jérôme Läubli,28/03/2001,23,507478,Linker Verteidiger
Robin Wildhaber,30/01/2002,22,507418,Linker Verteidiger
Lewin Blum,27/07/2001,23,507455,Rechter Verteidiger
Lukas Aeberli,03/01/2001,23,507453,Rechter Verteidiger
Ruben Correia,06/01/2002,22,500770,Rechter Verteidiger
Loïc Vlapamo,02/03/2001,23,507464,Rechter Verteidiger
Yannick Scheidegger,03/05/2001,23,500757,Defensives Mittelfeld
Adrian Durrer,13/07/2001,23,499196,Defensives Mittelfeld
David Mistrafovic,25/05/2001,23,507480,Defensives Mittelfeld
Jon Vula,12/01/2002,22,507416,Zentrales Mittelfeld
Stéphane Cueni,14/03/2001,23,507467,Zentrales Mittelfeld
Mathis Holcbecher,21/01/2001,23,507469,Zentrales Mittelfeld
Ricardo Alves,02/12/2001,22,507466,Zentrales Mittelfeld
Glenn Hux,18/01/2001,23,507470,Zentrales Mittelfeld
Simon Sohm,11/04/2001,23,507486,Zentrales Mittelfeld
Alexandre Jankewitz,25/12/2001,22,507472,Zentrales Mittelfeld
Orges Bunjaku,05/07/2001,23,499214,Zentrales Mittelfeld
Aramis Rohner,18/02/2001,23,499218,Rechtes Mittelfeld
Darian Males,03/05/2001,23,507479,Rechtes Mittelfeld
Julian Von Moos,01/04/2001,23,500762,Rechtes Mittelfeld
Angelo Volken,17/01/2002,22,507415,Rechtes Mittelfeld
Gabriele De Donno,16/02/2002,22,507398,Rechtes Mittelfeld
Gabriel Di Noto,23/02/2001,23,499205,Linkes Mittelfeld
Christian Witzig,09/01/2001,23,507490,Linkes Mittelfeld
Bledian Krasniqi,17/06/2001,23,507477,Offensives Mittelfeld
Randy Schneider,27/08/2001,23,500758,Offensives Mittelfeld
Ashvin Rungasamy,09/08/2001,23,507462,Offensives Mittelfeld
Armando Waeber,01/11/2002,22,507426,Offensives Mittelfeld
Fabio Solimando,27/12/2001,22,507463,Linksaußen
Felix Mambimbi,18/01/2001,23,507496,Linksaußen
Guillaume Furrer,28/01/2001,23,507494,Linksaußen
Felipe Borges,01/01/2001,23,500760,Linksaußen
Matteo Martorana,24/02/2002,22,507423,Rechtsaußen
Michel de Jesus,22/03/2001,23,435047,Rechtsaußen
Tician Tushi,02/04/2001,23,507499,Mittelstürmer
Luca Bühlmann,25/11/2000,23,346899,Zentrales Mittelfeld
Joschua Neuenschwander,28/06/2000,24,346905,Torwart
Elis Isufi,21/05/2000,24,346889,Innenverteidiger
Ivann Strohbach,25/01/2000,24,346884,Innenverteidiger
Jan Kronig,24/06/2000,24,346881,Innenverteidiger
Yves Jankowski,04/06/2000,24,421812,Linker Verteidiger
Jan Wörnhard,23/04/2001,23,507465,Linker Verteidiger
Adam Ouattara,06/06/2000,24,421813,Rechter Verteidiger
Bertrand Tusiama,14/09/2000,24,346885,Rechter Verteidiger
Alessandro Stabile,18/07/2000,24,346893,Rechter Verteidiger
Perrault Tokam,23/05/2000,24,346907,Defensives Mittelfeld
Nicky Beloko,16/02/2000,24,382774,Zentrales Mittelfeld
Yannick Marchand,09/02/2000,24,346882,Zentrales Mittelfeld
Tim Staubli,16/04/2000,24,346894,Zentrales Mittelfeld
Fabiano Pereira,05/10/2000,24,346891,Zentrales Mittelfeld
Kushtrim Rexhepi,13/03/2001,23,507483,Rechtes Mittelfeld
Granit Haliti,26/02/2000,24,346902,Linkes Mittelfeld
Nicola Suter,02/02/2000,24,346897,Offensives Mittelfeld
Mergim Bajrami,02/05/2000,24,346886,Offensives Mittelfeld
Alexis Antunes,31/07/2000,24,346898,Offensives Mittelfeld
Luka Stevic,22/07/2000,24,346895,Offensives Mittelfeld
Christopher Lungoyi,04/07/2000,24,346903,Linksaußen
Noah Okafor,24/05/2000,24,346890,Linksaußen
Nishan Burkart,31/01/2000,24,346900,Linksaußen
Nils Pédat,12/07/2001,23,507482,Rechtsaußen
Yannick Toure,29/09/2000,24,421824,Mittelstürmer
Lorenzo Gonzalez,10/04/2000,24,346901,Mittelstürmer
Adhurim Gashi,20/06/2000,24,421818,Sturm
Nico Strübi,02/06/2000,24,346896,Torwart
Lars Hunn,25/05/1999,25,390162,Torwart
Lars Schädeli,16/06/1999,25,390174,Torwart
Damien Buchard,28/01/2000,24,346887,Torwart
Nico Krucker,08/04/1999,25,410631,Torwart
Janic Cucinelli,22/01/1999,25,404030,Innenverteidiger
Kreshnik Hajrizi,28/05/1999,25,390168,Innenverteidiger
Nicolas Künzli,06/03/2000,24,573321,Innenverteidiger
Mattia Sestito,16/03/2000,24,347104,Linker Verteidiger
Cédric Mbenza,25/05/2000,24,346883,Linker Verteidiger
Devin Manco,03/04/1999,25,390165,Rechter Verteidiger
Sandro Theler,15/12/2000,23,421820,Rechter Verteidiger
Nico Clausen,10/03/1999,25,421805,Defensives Mittelfeld
Francesco Amendola,04/09/1999,25,410797,Defensives Mittelfeld
Dennis Vanin,20/07/1999,25,410618,Defensives Mittelfeld
Lorenzo Di Michelangeli,12/02/2000,24,347103,Zentrales Mittelfeld
Kastrijot Ndau,19/02/1999,25,390167,Zentrales Mittelfeld
Bastien Toma,24/06/1999,25,390179,Zentrales Mittelfeld
Lorik Emini,29/08/1999,25,410871,Zentrales Mittelfeld
Karim Bertelli,27/03/1999,25,380130,Zentrales Mittelfeld
Noah Blasucci,19/06/1999,25,396361,Zentrales Mittelfeld
Baris Cagras,03/01/1999,25,410805,Linkes Mittelfeld
Kilian Gravante,20/03/2000,24,468788,Linkes Mittelfeld
Fabian Simic,11/02/1999,25,410864,Offensives Mittelfeld
Yanick Lanker,22/02/2000,24,497661,Offensives Mittelfeld
Petar Pusic,25/01/1999,25,390169,Offensives Mittelfeld
Amel Rustemoski,06/07/2000,24,346892,Offensives Mittelfeld
Nedim Bajrami,28/02/1999,25,390177,Offensives Mittelfeld
Rijad Saliji,05/04/1999,25,390170,Offensives Mittelfeld
Ajet Sejdija,28/04/1999,25,390181,Offensives Mittelfeld
Siyar Doldur,29/01/2000,24,346888,Offensives Mittelfeld
Gioele Stumpo,24/03/2000,24,346906,Linksaußen
Liridon Mulaj,04/01/1999,25,421789,Linksaußen
Ilir Zenuni,05/05/1999,25,410650,Linksaußen
Nicolas Eberle,04/11/1999,25,390171,Rechtsaußen
Nico Maier,02/07/2000,24,346904,Rechtsaußen
Çendrim Kameraj,13/03/1999,25,390173,Rechtsaußen
Mersim Asllani,07/06/1999,25,404029,Rechtsaußen
Martin Kunz,14/08/2000,24,500385,Sturm
Andi Zeqiri,22/06/1999,25,345468,Mittelstürmer
Joni de Oliveira,23/01/1999,25,410606,Mittelstürmer
Joao Castanheira,23/02/1998,26,287490,Torwart
Gion Chande,03/05/1998,26,290013,Torwart
Noah Berchtold,01/08/1999,25,421802,Torwart
Benjamin Pasquier,15/10/1998,26,298612,Abwehr
Joel Zahn,16/04/1998,26,290043,Innenverteidiger
Eray Cömert,04/02/1998,26,298583,Innenverteidiger
Jan Bamert,09/03/1998,26,289875,Innenverteidiger
Leotrim Nitaj,11/06/1998,26,290027,Linker Verteidiger
Miro Muheim,24/03/1998,26,298603,Linker Verteidiger
Sadik Vitija,13/08/1998,26,290042,Rechter Verteidiger
Kevin Rüegg,05/08/1998,26,290032,Rechter Verteidiger
Dario Ulrich,12/03/1998,26,290040,Rechter Verteidiger
Alessandro Kräuchi,03/06/1998,26,289892,Rechter Verteidiger
Jordi Manuel Ehombo,03/02/1998,26,303838,Defensives Mittelfeld
Joël Balmer,17/02/1999,25,410816,Defensives Mittelfeld
Robin Huser,24/01/1998,26,243873,Defensives Mittelfeld
Vasilije Janjicic,02/11/1998,26,265254,Zentrales Mittelfeld
Edin Imeri,14/01/1998,26,289890,Zentrales Mittelfeld
Stefano Guidotti,16/06/1999,25,396405,Zentrales Mittelfeld
Francesco Mozzetti,07/09/1998,26,303841,Rechtes Mittelfeld
Martin Liechti,21/05/1998,26,290021,Rechtes Mittelfeld
Jordan Puglia,04/12/1999,24,431392,Linkes Mittelfeld
Edmond Ramadani,27/06/1998,26,290030,Linkes Mittelfeld
Thomas Kunz,18/01/1998,26,290018,Offensives Mittelfeld
Ruben Kotlar,07/01/1998,26,303840,Offensives Mittelfeld
Giotto Morandi,04/03/1999,25,413461,Offensives Mittelfeld
Fabio Quintoles,28/02/1999,25,390176,Offensives Mittelfeld
Cristian Papa,11/06/1998,26,298610,Hängende Spitze
Edil Sarda,07/09/1998,26,303843,Mittelstürmer
Jérémy Guillemenot,06/01/1998,26,290016,Mittelstürmer
Haris Samardzic,16/02/1998,26,290034,Mittelstürmer
Olivier Joos,12/03/1997,27,237668,Torwart
Simon Enzler,16/10/1997,27,237664,Torwart
Gregor Kobel,06/12/1997,26,257814,Torwart
Cyril Dumont,24/01/1997,27,258303,Torwart
Adonis Ajeti,26/02/1997,27,223380,Innenverteidiger
Elia Alessandrini,03/03/1997,27,237659,Innenverteidiger
Remo Arnold,17/01/1997,27,237677,Innenverteidiger
Alban Selmanaj,19/04/1997,27,237681,Innenverteidiger
Esteban Parra,02/12/1997,26,237674,Linker Verteidiger
Tobias Schättin,05/06/1997,27,237679,Linker Verteidiger
Eddy Luongo,23/03/1997,27,243875,Rechter Verteidiger
Silvan Hefti,25/10/1997,27,237666,Rechter Verteidiger
Lukas Frehner,04/08/1997,27,212712,Rechter Verteidiger
Bastien Oberli,03/10/1997,27,258307,Rechter Verteidiger
Burim Avdulahi,18/02/1997,27,258301,Defensives Mittelfeld
Christophe Monnet,15/01/1997,27,257819,Mittelfeld
Milan Marjanovic,10/02/1997,27,212717,Mittelfeld
Albin Sadrijaj,27/06/1997,27,258289,Defensives Mittelfeld
Charles Pickel,15/05/1997,27,243879,Defensives Mittelfeld
Arxhend Cani,02/08/1997,27,223381,Zentrales Mittelfeld
Harun Alpsoy,03/03/1997,27,258246,Zentrales Mittelfeld
Jérémy Jaquier,03/12/1997,26,237667,Zentrales Mittelfeld
Valentino Pugliese,18/07/1997,27,237676,Zentrales Mittelfeld
Nikola Gjorgjev,22/08/1997,27,237673,Rechtes Mittelfeld
Vedad Efendic,07/01/1997,27,237682,Linkes Mittelfeld
Dereck Kutesa,06/12/1997,26,237669,Linkes Mittelfeld
Nemanja Petrovic,15/10/1997,27,212719,Linksaußen
Filipe Parreiras,20/01/1997,27,237675,Linksaußen
Marco Le Rose,07/01/1997,27,258300,Mittelstürmer
Albian Ajeti,26/02/1997,27,195906,Mittelstürmer
Dimitri Oberlin,27/09/1997,27,212718,Mittelstürmer
Neftali Manzambi,23/04/1997,27,211453,Mittelstürmer
Boris Babic,10/11/1997,27,237660,Mittelstürmer
Joel Pereira,28/06/1996,28,192611,Torwart
Mateo Matic,07/01/1996,28,192613,Torwart
Sven Sokolovic,06/01/1996,28,192614,Torwart
Ljundrin Loga,26/01/1996,28,195845,Abwehr
Robin Gloor,15/12/1996,27,192623,Innenverteidiger
Marko Drakul,06/08/1996,28,192615,Innenverteidiger
Florian Baumgartner,11/03/1996,28,192606,Linker Verteidiger
Olivier Kleiner,03/02/1996,28,192641,Linker Verteidiger
Giovanni Giallongo,20/03/1996,28,192636,Linker Verteidiger
Marco Trachsel,02/08/1996,28,192645,Linker Verteidiger
Nils von Niederhäusern,10/01/1996,28,192622,Rechter Verteidiger
Nicolas Stettler,28/04/1996,28,192621,Rechter Verteidiger
Phi Nguyen,03/07/1996,28,192619,Defensives Mittelfeld
Deni Kadoic,03/04/1996,28,192639,Defensives Mittelfeld
Shpetim Arifi,07/11/1996,28,192626,Defensives Mittelfeld
Robin Kamber,15/02/1996,28,192640,Defensives Mittelfeld
Meriton Bytyqi,18/03/1996,28,192610,Defensives Mittelfeld
Hannes Borter,09/02/1996,28,192609,Zentrales Mittelfeld
Anto Grgic,28/11/1996,27,192637,Zentrales Mittelfeld
Nicolas Haas,23/01/1996,28,192638,Zentrales Mittelfeld
Lumturim Selmani,10/05/1996,28,184196,Offensives Mittelfeld
Marsel Stevic,22/02/1996,28,192644,Offensives Mittelfeld
Kilian Pagliuca,02/09/1996,28,192652,Offensives Mittelfeld
João Oliveira,06/01/1996,28,195911,Linksaußen
Patrick Moren,07/04/1996,28,192642,Linksaußen
Gioele Cetrangolo,07/04/1996,28,192630,Linksaußen
Jolan Forestal,06/03/1996,28,192649,Rechtsaußen
Nicolas Hunziker,23/02/1996,28,184193,Mittelstürmer
Sladjan Stanojevic,08/03/1981,43,75014,Torwart
Sladan Stanojevic,06/01/1995,29,215917,Torwart
Novem Baumann,04/12/1995,28,183308,Torwart
Leonard Kiener,22/06/1995,29,183317,Torwart
Daniel Gharib,21/02/1995,29,183616,Abwehr
Pasquale Martino,13/04/1995,29,183450,Innenverteidiger
Gianni Kandiah,24/02/1995,29,183619,Linker Verteidiger
Lucas Thöni,25/01/1995,29,183326,Rechter Verteidiger
Daniel Garetto,19/02/1995,29,184378,Rechter Verteidiger
Ming-Yang Yang,11/07/1995,29,184382,Defensives Mittelfeld
Olivier Custodio,10/02/1995,29,183312,Defensives Mittelfeld
Nicola Padula,24/02/1995,29,223523,Mittelfeld
Gente Mazreku,21/01/1995,29,183320,Zentrales Mittelfeld
Christoph Stenz,09/10/1995,29,183323,Rechtes Mittelfeld
Flavio Gautreaux,03/05/1995,29,183310,Rechtes Mittelfeld
Valentin Hayoz,10/02/1995,29,184379,Linkes Mittelfeld
Diego Zoller,10/01/1995,29,183328,Offensives Mittelfeld
Grégory Karlen,30/01/1995,29,183447,Offensives Mittelfeld
Filip Zlatanov,17/03/1995,29,205854,Linksaußen
Shani Tarashaj,07/02/1995,29,184381,Hängende Spitze
Shpetim Sulejmani,02/06/1995,29,183324,Mittelstürmer
Omar Thali,22/02/1995,29,183325,Mittelstürmer
Signori Antonio,25/07/1994,30,147029,Torwart
Yvon Mvogo,06/06/1994,30,147051,Torwart
Olindo Regazzi,13/03/1994,30,147054,Innenverteidiger
Silvano Schäppi,05/02/1994,30,147055,Innenverteidiger
Martin Angha,22/01/1994,30,122695,Innenverteidiger
Hidajet Kastrati,02/09/1994,30,147048,Innenverteidiger
Levent Gülen,24/02/1994,30,147045,Innenverteidiger
Endogan Adili,03/08/1994,30,147035,Linker Verteidiger
Scott Garcia,15/03/1994,30,252357,Rechter Verteidiger
Elias Kabamba,08/01/1994,30,147047,Rechter Verteidiger
Joel Untersee,11/02/1994,30,147031,Rechter Verteidiger
Florian Gudit,18/01/1994,30,147044,Defensives Mittelfeld
Thibault Corbaz,07/01/1994,30,147040,Defensives Mittelfeld
Abduljabbar Al Abbadie,21/07/1994,30,215914,Zentrales Mittelfeld
Thomas Sierro,11/02/1994,30,147057,Rechtes Mittelfeld
Roland Ndongo,11/10/1994,30,147052,Rechtes Mittelfeld
Thibault Constantin,11/07/1994,30,147039,Offensives Mittelfeld
Tchaing Da Silva,28/02/1994,30,165507,Linksaußen
Cephas Malele,08/01/1994,30,22686,Mittelstürmer
Michael Frey,19/07/1994,30,147043,Mittelstürmer
Uvejs Selmonaj,13/08/1994,30,261186,Mittelstürmer
Lucas Kunath,10/11/2009,15,1264940,Torwart
Jayden Stucki,06/03/2009,15,1338971,Torwart
Julien Werdenberg,05/03/2009,15,1271937,Abwehr
Gentian Ponik,17/09/2009,15,1267620,Abwehr
Dominic Keibach,27/02/2009,15,1267614,Abwehr
Moses Colelli,30/03/2009,15,1325625,Abwehr
Loris Krasniqi,31/05/2009,15,1267615,Abwehr
Ifeanyichukwu Onwuzulike,12/01/2010,14,1325607,Abwehr
Gian Vogt,22/02/2009,15,1267623,Abwehr
Kenneth Chimezie Tchammegni,05/08/2009,15,1339798,Abwehr
Anid Fazliji,14/01/2010,14,1338970,Rechter Verteidiger
Navin Zesiger,05/03/2009,15,1267626,Mittelfeld
Ivan Izquierdo,03/03/2009,15,1267613,Mittelfeld
Boris Srejic,25/03/2009,15,1308497,Mittelfeld
Ben El Idrissi,22/06/2009,15,1325627,Mittelfeld
Bright Boahen Ocran,26/08/2009,15,1331775,Zentrales Mittelfeld
Arno Grisel,27/01/2009,15,1302647,Linksaußen
Nathaniel Shedrach Ogbodu,26/03/2009,15,1325624,Sturm
Altin Azemi,29/04/2009,15,1267607,Sturm
Christian Duah,20/09/2009,15,1267611,Sturm
Niko Cavka,15/01/2010,14,1325626,Sturm
Ryo Grossenbacher,01/05/2009,15,1338972,Sturm
Almir Sinanaj,10/03/2007,17,1059689,Torwart
Yvann Konan,16/01/2007,17,1103037,Torwart
Ahmadou Ndiaye,05/01/2008,16,1177450,Torwart
Julian Schmutz,29/04/2008,16,1208844,Torwart
Noah Elia Brogli,28/05/2008,16,1208853,Torwart
Luca Santor,13/03/2007,17,1057529,Innenverteidiger
Arda Tirpanci,05/07/2007,17,1057532,Innenverteidiger
Guillem Moreno Vinas,26/12/2007,16,1103038,Innenverteidiger
Stevan Raicevic,10/04/2007,17,1137189,Innenverteidiger
Nelson Savonnier,28/02/2008,16,1177906,Innenverteidiger
Miran Sinani,11/04/2008,16,1186526,Innenverteidiger
Costantino Petochi,06/02/2008,16,1208843,Innenverteidiger
Leon Hoxha,17/07/2008,16,1208854,Innenverteidiger
Ilija Sulzer,18/01/2008,16,1208856,Innenverteidiger
Livio Spring,25/01/2007,17,1123522,Linker Verteidiger
Arnis Ademi,02/01/2007,17,1137190,Linker Verteidiger
Diego Berger,15/04/2008,16,1170357,Linker Verteidiger
Leandro Oliveira,30/05/2008,16,1186527,Linker Verteidiger
Roman Cretton,27/07/2008,16,1208845,Linker Verteidiger
Lenny Cuccaro,01/05/2008,16,1208855,Linker Verteidiger
Yannick Niedermann,24/10/2007,17,1073029,Rechter Verteidiger
Elijah Agho,07/11/2008,16,1208859,Rechter Verteidiger
Gian Stork,12/03/2007,17,1061228,Defensives Mittelfeld
Damjan Coric,17/02/2007,17,1103036,Defensives Mittelfeld
Erwin Mahic,24/12/2008,15,1186525,Defensives Mittelfeld
Eliano Cassese,16/11/2007,16,1057526,Zentrales Mittelfeld
Leart Kabashi,29/11/2007,16,1123521,Zentrales Mittelfeld
Eren Batuhan Ozcan,13/08/2008,16,1208860,Rechtes Mittelfeld
Eliah Küpfer,27/07/2008,16,1208846,Linkes Mittelfeld
Alonzo Vincent,06/10/2008,16,1177477,Offensives Mittelfeld
Ethan Bruchez,07/04/2008,16,1177907,Offensives Mittelfeld
Daimend Tunaj,21/10/2008,16,1208857,Offensives Mittelfeld
Fin Sommer,25/05/2007,17,1057530,Linksaußen
Ivan Parra,28/07/2007,17,1111419,Linksaußen
Enrique Aguilar,27/01/2007,17,1057525,Mittelstürmer
Dominik Simic,01/07/2007,17,1075571,Mittelstürmer
Andrej Vasovic,14/10/2007,17,1129950,Mittelstürmer
Oscar Renovales,24/10/2007,17,1137193,Mittelstürmer
Adrien Llukes,21/07/2008,16,1153297,Mittelstürmer
Ivan Cossalter,04/03/2008,16,1170361,Mittelstürmer
Tristan Burkart,26/05/2008,16,1208847,Mittelstürmer
Oscar Pincheira,20/11/2008,15,1208858,Mittelstürmer
Mark Mihaljevic,16/05/2006,18,932194,Torwart
Felix Löpfe,19/01/2006,18,925223,Torwart
Gentrit Muslija,19/01/2006,18,944830,Torwart
Marcel Lapierre,07/04/2006,18,945133,Torwart
Tobias Mauch,15/02/2007,17,1057527,Torwart
Pietro Souza Bregant,01/06/2007,17,1057531,Abwehr
Lorin Jetzer,24/01/2006,18,940390,Innenverteidiger
Haris Kozarac,01/10/2006,18,932172,Innenverteidiger
Timo Weber,20/02/2006,18,948738,Innenverteidiger
Sami Bashaj,13/06/2006,18,925224,Innenverteidiger
Elohim Kamoko,14/02/2006,18,995818,Innenverteidiger
Samuele Tomeo,19/01/2006,18,925196,Linker Verteidiger
Simone Mestre,09/10/2006,18,932188,Linker Verteidiger
Diego Poloni,13/03/2006,18,932180,Linker Verteidiger
Tarik Seferovic,31/12/2006,17,957139,Linker Verteidiger
Bennett Gasser,17/08/2006,18,925236,Rechter Verteidiger
Mattia Rizzo,07/10/2006,18,948735,Rechter Verteidiger
Eliah Jordan,07/03/2006,18,925228,Rechter Verteidiger
Kiswend Tologo,28/03/2006,18,992965,Rechter Verteidiger
Demir Xhemalija,07/06/2006,18,925216,Defensives Mittelfeld
Alessandro Romano,17/06/2006,18,911224,Defensives Mittelfeld
Luca Bühlmann,26/06/2006,18,925215,Zentrales Mittelfeld
Dardan Destani,15/10/2006,18,925201,Zentrales Mittelfeld
Kelvin Pinto da Silva,11/03/2007,17,1057528,Zentrales Mittelfeld
Dorian Derbaci,25/03/2006,18,995817,Zentrales Mittelfeld
Slavko Vidovic,28/08/2007,17,1061239,Rechtes Mittelfeld
Jason Parente,10/06/2006,18,932164,Linkes Mittelfeld
Leon Grando,04/09/2006,18,932171,Offensives Mittelfeld
Mohamed Ishuayed,17/09/2006,18,940401,Offensives Mittelfeld
Cheveyo Tsawa,09/12/2006,17,794749,Offensives Mittelfeld
Junior Zé,22/03/2006,18,925199,Linksaußen
Gabriel Gonzalez,14/06/2006,18,932163,Linksaußen
Ruben Londja,10/06/2006,18,927369,Rechtsaußen
Mario Greco,22/09/2006,18,932193,Hängende Spitze
Enzo Fiechter,03/02/2006,18,932170,Mittelstürmer
Modou Minteh,04/11/2006,18,688622,Mittelstürmer
Sascha Meyer,21/04/2006,18,922770,Mittelstürmer
Jamal Camcı,27/05/2006,18,925200,Mittelstürmer
Adam St-Pierre,23/07/2006,18,932195,Torwart
Simon Rosenberg,06/03/2006,18,932181,Innenverteidiger
Jeremy Fasano,15/05/2006,18,932162,Innenverteidiger
Sascha Britschgi,27/08/2006,18,932187,Rechter Verteidiger
Corsin Konietzke,21/06/2006,18,948736,Defensives Mittelfeld
Kristijan Stankovic,20/04/2006,18,932165,Rechtes Mittelfeld
Maksim Milovanovic,14/06/2006,18,932173,Offensives Mittelfeld
Daniele Trivellin,12/04/2006,18,948737,Mittelstürmer
Gianni De Nitti,09/04/2003,21,583036,Torwart
Attilio Morosoli,24/12/2004,19,704407,Torwart
Aurèle Amenda,31/07/2003,21,635645,Innenverteidiger
Bung Hua Freimann,11/07/2004,20,710899,Innenverteidiger
Mile Vukelic,25/02/2003,21,187474,Innenverteidiger
Nico Rissi,30/01/2004,20,659451,Linker Verteidiger
Flavio Caserta,22/08/2003,21,629392,Linker Verteidiger
Severin Ottiger,20/04/2003,21,583026,Rechter Verteidiger
Florian van der Werff,15/02/2003,21,583043,Defensives Mittelfeld
Elia Vogel,01/06/2004,20,719783,Zentrales Mittelfeld
Tyron Owusu,08/06/2003,21,583055,Zentrales Mittelfeld
Noah Rupp,13/08/2003,21,622023,Zentrales Mittelfeld
Esey Gebreyesus,23/01/2004,20,659271,Rechtes Mittelfeld
Noe Holenstein,25/03/2004,20,719784,Linkes Mittelfeld
Enrico De Nobile,08/01/2003,21,544401,Linksaußen
Evan Rossier,05/01/2003,21,622022,Mittelstürmer
Daniel Schröter,13/02/2004,20,626300,Mittelstürmer
Andrin Hunziker,21/02/2003,21,583011,Mittelstürmer
Nikolas Muci,08/02/2003,21,583025,Mittelstürmer
Omar Chakor,03/02/2004,20,710900,Mittelstürmer
Nathan Aymon,12/01/2003,21,567678,Torwart
Simon Geiger,16/03/2002,22,507394,Innenverteidiger
Noah De Queiroz,10/12/2002,21,357860,Innenverteidiger
Jonathan Fontana,15/05/2003,21,622021,Linker Verteidiger
Marc Fred Tsoungui,30/07/2002,22,357858,Linker Verteidiger
Simon Loosli,30/03/2002,22,357874,Rechter Verteidiger
Nenad Zivkovic,19/03/2002,22,507419,Mittelstürmer
Jessé Hautier,14/10/2003,21,583042,Mittelstürmer
Armin Abaz,27/03/2002,22,357862,Torwart
Nicolas Vouilloz,11/05/2001,23,507488,Innenverteidiger
Ilan Sauter,06/02/2001,23,507484,Innenverteidiger
Filip Frei,07/01/2001,23,507468,Rechter Verteidiger
Uros Vasic,25/10/2001,23,507487,Rechter Verteidiger
Samuel Kasongo,07/08/2002,22,507422,Zentrales Mittelfeld
Kedus Haile-Selassie,07/01/2002,22,357871,Linkes Mittelfeld
Lirik Vishi,13/06/2001,23,499213,Offensives Mittelfeld
Willy Vogt,01/06/2002,22,500782,Rechtsaußen
Jozef Pukaj,13/02/2000,24,421809,Torwart
Nicholas Ammeter,11/12/2000,23,387984,Torwart
Marco Corradi,01/01/2000,24,421811,Innenverteidiger
Robin Busset,25/02/2000,24,421810,Linker Verteidiger
Albin Hoti,15/08/2001,23,500752,Zentrales Mittelfeld
Stephan Seiler,16/09/2000,24,421819,Zentrales Mittelfeld
Ruben da Mata,07/01/2000,24,421822,Rechtes Mittelfeld
Marco Schwegler,11/11/2001,23,388227,Linkes Mittelfeld
Kastriot Imeri,27/06/2000,24,469957,Linkes Mittelfeld
Matteo Di Giusto,18/08/2000,24,421823,Offensives Mittelfeld
Ardi Molliqaj,20/07/2001,23,507481,Mittelstürmer
Daniele Vesco,05/03/2000,24,421825,Mittelstürmer
Ruwen Werthmüller,28/01/2001,23,447896,Mittelstürmer
Rubén del Campo,22/02/2000,24,457778,Mittelstürmer
Luka Baratovic,17/09/1999,25,410798,Abwehr
Dejan Zunic,02/01/1999,25,390178,Linker Verteidiger
Nicolas Herter,24/03/1999,25,404026,Defensives Mittelfeld
Timo Ribeiro,22/02/1999,25,390172,Defensives Mittelfeld
Ambrosio Da Costa,17/05/1999,25,375070,Mittelstürmer
Angelo Campos,30/03/2000,24,421821,Mittelstürmer
Colin Mühlebach,14/09/1998,26,303842,Torwart
Luca Lenzin,27/04/1999,25,376770,Innenverteidiger
Riccardo Rigliaco,23/03/1998,26,324654,Innenverteidiger
Joël Schmied,23/09/1998,26,322517,Innenverteidiger
Jasper van der Werff,09/12/1998,25,322519,Innenverteidiger
Thomas Kargbo,02/06/1999,25,421788,Rechter Verteidiger
Bryan Mallo,04/12/1999,24,404025,Rechter Verteidiger
Jordan Lotomba,29/09/1998,26,313094,Rechter Verteidiger
Loris Pellegatta,16/04/1998,26,322515,Rechter Verteidiger
Till Jeker,25/01/1998,26,548766,Defensives Mittelfeld
Araz Sadik,05/03/1998,26,298615,Zentrales Mittelfeld
Batuhan Karadeniz,09/02/1999,25,445550,Rechtes Mittelfeld
Senad Mujovik,26/05/1997,27,265212,Torwart
Mathieu Descloux,22/01/1997,27,237671,Torwart
Jeremie Mantato,26/05/1998,26,290022,Abwehr
Noah Loosli,23/01/1997,27,265209,Innenverteidiger
Mirlind Kryeziu,26/01/1997,27,265208,Innenverteidiger
Yves Kaiser,30/04/1998,26,294595,Innenverteidiger
Samir Bajrami,03/07/1997,27,265203,Rechter Verteidiger
Djibril Sow,06/02/1997,27,212723,Zentrales Mittelfeld
Trevis Binder,23/07/1997,27,265204,Linkes Mittelfeld
Roberto Alves,08/06/1997,27,249983,Offensives Mittelfeld
Nils Ryser,08/01/1997,27,263077,Rechtsaußen
Olivier Baumgärtner,28/04/1997,27,263064,Mittelstürmer
Yannick Kouamé,13/09/1997,27,212716,Mittelstürmer
Noam Baumann,10/04/1996,28,192605,Torwart
Eric Briner,01/02/1996,28,203894,Defensives Mittelfeld
Michel Aebischer,06/01/1997,27,237658,Zentrales Mittelfeld
Maxime Dominguez,01/02/1996,28,207561,Offensives Mittelfeld
Dardan Susuri,13/07/1996,28,217860,Mittelstürmer
Aaron Burkhardt,10/02/1996,28,192628,Mittelstürmer
Marko Dangubic,04/02/1996,28,192647,Mittelstürmer
Breel Embolo,14/02/1997,27,237662,Mittelstürmer
Pascal Albrecht,29/04/1995,29,183445,Torwart
Manuel Riedweg,17/02/1995,29,184380,Innenverteidiger
Milos Veljkovic,26/09/1995,29,202228,Innenverteidiger
Ulisses Garcia,11/01/1996,28,192616,Linker Verteidiger
Michael Gonçalves,10/03/1995,29,183313,Rechter Verteidiger
Kevin Mbabu,19/04/1995,29,183321,Rechter Verteidiger
Boris Céspedes,19/06/1995,29,183311,Defensives Mittelfeld
Fabio Schindler,31/01/1995,29,183322,Zentrales Mittelfeld
Miguel Castroman,17/03/1995,29,183309,Offensives Mittelfeld
Ruben Burkard,20/10/1995,29,184375,Offensives Mittelfeld
Samuele Campo,06/07/1995,29,183446,Offensives Mittelfeld
Daniel Lema,28/11/1995,28,183449,Linksaußen
Marvin Graf,17/08/1995,29,183314,Rechtsaußen
Artian Kastrati,11/01/1995,29,183316,Mittelstürmer
Zoran Josipovic,25/08/1995,29,186473,Mittelstürmer
Mirko Salvi,14/02/1994,30,147027,Torwart
Ferid Matri,16/01/1994,30,147022,Innenverteidiger
Cédric Brunner,17/02/1994,30,147038,Rechter Verteidiger
Nicola Peter,06/09/1994,30,147053,Defensives Mittelfeld
Guillaume Baillifard,08/04/1995,29,184373,Defensives Mittelfeld
Kevin Tsimba,20/02/1994,30,147058,Defensives Mittelfeld
Musa Araz,17/01/1994,30,147037,Zentrales Mittelfeld
Michael Weber,06/06/1994,30,147059,Zentrales Mittelfeld
Jan Breitenmoser,25/03/1995,29,184374,Zentrales Mittelfeld
Daniel Follonier,18/01/1994,30,194978,Rechtes Mittelfeld
Salim Khelifi,26/01/1994,30,147049,Rechtes Mittelfeld
Santiago Cerezo,11/04/1995,29,184376,Offensives Mittelfeld
Thomas Fekete,19/09/1995,29,183615,Offensives Mittelfeld
Edmond Selmani,31/07/1994,30,147056,Mittelstürmer
Donato Coviello,01/03/1994,30,183748,Mittelstürmer
Stefan Marinkovic,20/02/1994,30,147050,Innenverteidiger
Leonardo Bertone,14/03/1994,30,194975,Zentrales Mittelfeld
Emanuel Duzmani,04/03/1994,30,147041,Linkes Mittelfeld
Nassim Ben Khalifa,13/01/1992,32,74288,Hängende Spitze
Erblin Sadikaj,13/03/2008,16,1303665,Innenverteidiger
Cédric Koch,22/03/2008,16,1301988,Linker Verteidiger
Nevio Scherrer,08/04/2008,16,1263348,Mittelstürmer
Dario Wälti,23/01/2006,18,1046529,Torwart
Lazar Damnjanovic,17/01/2007,17,1164222,Innenverteidiger
Rhodri Smith,09/09/2006,18,1061048,Linker Verteidiger
Loun Srdanovic,04/08/2006,18,999886,Rechter Verteidiger
Théo Richoz,18/06/2007,17,1161301,Zentrales Mittelfeld
Winsley Boteli,05/07/2006,18,994389,Mittelstürmer
Glenn Mbazo,10/01/2006,18,1015996,Mittelstürmer
Antonio Spagnoli,31/05/2005,19,688604,Torwart
Silas Huber,10/07/2005,19,862748,Torwart
Maxime Rouiller,15/07/2005,19,894261,Torwart
Sonny Henchoz,03/01/2005,19,700478,Innenverteidiger
Leon Asllani,26/02/2005,19,688611,Innenverteidiger
Arbnor Gecaj,14/02/2005,19,728337,Innenverteidiger
Bruno Ogbus,17/12/2005,18,863759,Innenverteidiger
Leart Zuka,27/08/2005,19,927514,Linker Verteidiger
Loris Giandomenico,28/09/2005,19,911223,Linker Verteidiger
Tom Murith,04/04/2005,19,816680,Rechter Verteidiger
Yuro Bohon Diet,04/01/2005,19,862739,Rechter Verteidiger
Tim Hostettler,14/01/2005,19,889768,Rechter Verteidiger
Ardonit Selimi,10/05/2005,19,922289,Defensives Mittelfeld
Isaiah Okafor,22/04/2005,19,688613,Defensives Mittelfeld
Bleon Xhemaili,14/01/2005,19,862738,Defensives Mittelfeld
Adriatik Salihi,12/03/2005,19,805485,Zentrales Mittelfeld
Leon Frokaj,23/04/2005,19,688620,Zentrales Mittelfeld
Mohsen Abdeljaoued,06/02/2005,19,866284,Rechtes Mittelfeld
David Borges,15/06/2005,19,523019,Rechtes Mittelfeld
Nevio Di Giusto,18/03/2005,19,922291,Offensives Mittelfeld
Damian Nigg,12/04/2005,19,861246,Linksaußen
Roméo Beney,19/01/2005,19,700479,Linksaußen
Malik Deme,16/03/2005,19,805772,Rechtsaußen
Mathis Giordano,09/09/2005,19,864383,Rechtsaußen
Labinot Bajrami,04/06/2005,19,819306,Mittelstürmer
Kevin Krasniqi,20/07/2005,19,870270,Mittelstürmer
Junior Ligue,21/03/2005,19,862744,Mittelstürmer
Darko Lötscher,11/04/2006,18,947168,Mittelstürmer
Julio Fonseca,12/01/2005,19,862745,Mittelstürmer
Davud Sylaj,07/08/2005,19,922288,Innenverteidiger
Nathan Heller,03/05/2005,19,911256,Innenverteidiger
Eron Sejdiu,30/06/2005,19,688609,Rechter Verteidiger
Lorenzo Bittarelli,21/02/2005,19,864381,Rechter Verteidiger
Erion Salihu,11/07/2005,19,866287,Defensives Mittelfeld
Matias Hofmann,28/05/2005,19,900211,Defensives Mittelfeld
Ben Lüthi,01/12/2005,18,804781,Defensives Mittelfeld
Loren Arifi,11/03/2005,19,922293,Linkes Mittelfeld
Rion Demiri,17/08/2005,19,728396,Mittelstürmer
Hugo Parra,13/09/2005,19,866285,Mittelstürmer
Markus Wenger,11/01/2002,22,603892,Innenverteidiger
Joel Thoma,09/08/2003,21,633200,Innenverteidiger
Silvan Wallner,15/01/2002,22,602443,Innenverteidiger
Rejan Thaci,07/11/2003,21,680142,Linker Verteidiger
Rúben Dantas Fernandes,19/05/2003,21,583039,Linker Verteidiger
Theophilious Opoku-Mensah,26/04/2002,22,507411,Zentrales Mittelfeld
Marvin Bieri,21/04/2003,21,681739,Rechtes Mittelfeld
Nils Reichmuth,22/02/2002,22,507412,Offensives Mittelfeld
Mats Hanke,29/09/2003,21,691357,Hängende Spitze
Nils de Mol,03/05/2001,23,499195,Torwart
Thoma Monney,26/02/2002,22,608154,Innenverteidiger
David Jacovic,05/02/2001,23,521443,Defensives Mittelfeld
Drilon Kastrati,23/10/2001,23,500753,Zentrales Mittelfeld
Florent Shehu,17/05/2002,22,610163,Offensives Mittelfeld
Luan Abazi,19/01/2002,22,583034,Mittelstürmer
Henri Koide,06/04/2001,23,507495,Mittelstürmer
Serge Müller,18/09/2000,24,458217,Innenverteidiger
André Barbosa da Silva,27/08/2000,24,500094,Rechter Verteidiger
Noël Wetz,08/02/2001,23,365124,Rechter Verteidiger
Miralem Amzi,31/08/2000,24,467280,Linkes Mittelfeld
Lorent Tolaj,23/10/2001,23,507498,Mittelstürmer
Noah Boakye,13/08/2001,23,388214,Mittelstürmer
André Poças,05/08/1999,25,413458,Innenverteidiger
Baba Souare,07/03/1999,25,405555,Innenverteidiger
Marc Schmid,28/01/1999,25,390175,Rechter Verteidiger
Kenith Catari,11/05/1999,25,421785,Zentrales Mittelfeld
Izer Aliu,15/11/1999,24,404028,Zentrales Mittelfeld
Dimitri Volkart,21/09/1999,25,434970,Mittelstürmer
Nedim Omeragic,01/02/1999,25,421791,Mittelstürmer
Piero Soldini,15/09/1998,26,322518,Torwart
Maël Forestal,05/02/1999,25,380129,Innenverteidiger
Gianni Antoniazzi,05/09/1998,26,322504,Linker Verteidiger
Dominik Schmid,10/03/1998,26,359409,Linker Verteidiger
Meriton Kastrati,05/03/1998,26,359408,Linker Verteidiger
Nicolas Kränzle,20/01/1998,26,298597,Rechter Verteidiger
Tiago Vilaranda,14/09/1998,26,322520,Rechter Verteidiger
Léo Seydoux,16/03/1998,26,313097,Rechter Verteidiger
Nikola Sukacev,24/02/1998,26,303845,Rechtes Mittelfeld
Dominik Von Känel,06/01/1999,25,390180,Mittelstürmer
Marvin Baumann,08/12/1999,24,410632,Mittelstürmer
Ivan Lurati,05/10/1997,27,322497,Innenverteidiger
Fabian Fellmann,23/07/1996,28,211688,Torwart
Nico Elvedi,30/09/1996,28,192635,Innenverteidiger
Romain Kursner,23/06/1996,28,240348,Linker Verteidiger
Sléo Freiburghaus,23/07/1996,28,244908,Torwart
Joël Keller,06/03/1995,29,193086,Linker Verteidiger
Manuel Kubli,09/04/1995,29,213160,Offensives Mittelfeld
Alex Gauthier,27/01/1995,29,196914,Mittelstürmer
Joel Abanda,14/07/1994,30,186397,Linker Verteidiger
Albion Avdijaj,12/01/1994,30,159001,Mittelstürmer
Yanick Brecher,25/05/1993,31,165532,Torwart
Andreas Hirzel,25/03/1993,31,167189,Torwart
Arlind Ajeti,25/09/1993,31,159288,Innenverteidiger
Fabio Schmid,28/06/1993,31,165533,Innenverteidiger
Aleksandar Zarkovic,23/02/1993,31,159722,Innenverteidiger
Ivo Zangger,02/02/1993,31,168207,Innenverteidiger
Mattia Desolé,10/05/1993,31,110968,Linker Verteidiger
Numa Lavanchy,25/08/1993,31,147501,Rechter Verteidiger
Mike Kleiber,04/02/1993,31,165517,Rechter Verteidiger
Nico Zwimpfer,06/07/1993,31,111458,Defensives Mittelfeld
Alessandro Martinelli,30/05/1993,31,167889,Zentrales Mittelfeld
Joël Geissmann,03/03/1993,31,167188,Zentrales Mittelfeld
Samir Naili,17/04/1993,31,165599,Zentrales Mittelfeld
Davide Riva,04/09/1993,31,168986,Zentrales Mittelfeld
Darko Jevtic,08/02/1993,31,159718,Offensives Mittelfeld
Cristian Miani,28/07/1993,31,152240,Linksaußen
Gaëtan Karlen,07/06/1993,31,166400,Mittelstürmer
Andelko Savic,11/03/1993,31,159720,Mittelstürmer
Stjepan Vuleta,29/10/1993,31,166025,Mittelstürmer
Benjamin Siegrist,31/01/1992,32,111426,Torwart
Raphael Spiegel,19/12/1992,31,111428,Torwart
Jérémy Frick,08/03/1993,31,170344,Torwart
Joël Kiassumbua,06/04/1992,32,111423,Torwart
Bruno Martignoni,13/12/1992,31,109715,Innenverteidiger
Frédéric Veseli,20/11/1992,31,111433,Innenverteidiger
Sead Hajrovic,04/06/1993,31,111419,Innenverteidiger
Janick Kamber,26/02/1992,32,111420,Linker Verteidiger
Ricardo Rodríguez,25/08/1992,32,86784,Linker Verteidiger
Marcel Thoma,23/03/1992,32,165527,Linker Verteidiger
André Gonçalves,23/01/1992,32,111418,Rechter Verteidiger
Kofi Nimeley,11/12/1992,31,111449,Rechter Verteidiger
Antonio Felitti,28/04/1993,31,194977,Rechter Verteidiger
Robin Vecchi,03/01/1992,32,111429,Rechter Verteidiger
Charyl Chappuis,12/01/1992,32,111417,Defensives Mittelfeld
Granit Xhaka,27/09/1992,32,111455,Defensives Mittelfeld
Daniel Correia,12/02/1993,31,182035,Mittelfeld
Maik Nakic,17/01/1992,32,111446,Zentrales Mittelfeld
Matteo Fedele,20/07/1992,32,111438,Zentrales Mittelfeld
Ali Imren,25/09/1992,32,111441,Zentrales Mittelfeld
Pajtim Kasami,02/06/1992,32,130108,Zentrales Mittelfeld
Gabriel Lüchinger,18/12/1992,31,159714,Zentrales Mittelfeld
Matteo Tosetti,15/02/1992,32,111453,Rechtes Mittelfeld
Renato Santabarbara,05/10/1992,32,111450,Linkes Mittelfeld
Oliver Buff,03/08/1992,32,107785,Offensives Mittelfeld
Florian Müller,02/03/1993,31,168984,Linksaußen
Haris Seferovic,22/02/1992,32,109256,Mittelstürmer
Roman Buess,21/09/1992,32,111430,Mittelstürmer
Guy Eschmann,10/06/1992,32,111434,Mittelstürmer
Igor Mijatović,21/11/1992,31,111443,Mittelstürmer
Ricardo Da Costa,26/08/1993,31,183017,Mittelstürmer
Bennett Hoch,14/11/2007,16,1172168,Torwart
Sirak Bein,07/08/2007,17,1110947,Innenverteidiger
Giuliano Foro,01/09/2007,17,1169729,Defensives Mittelfeld
Max Corbon,13/02/2007,17,1183718,Zentrales Mittelfeld
Sajawal Mahar,14/06/2007,17,1162081,Offensives Mittelfeld
Edin Etoski,02/04/2007,17,1164260,Rechtsaußen
Marwan Aubert,12/02/2006,18,951660,Torwart
Tim Hottiger,24/03/2005,19,816725,Torwart
Ryan Kessler,28/08/2005,19,922621,Innenverteidiger
Mats Seiler,04/08/2005,19,902987,Innenverteidiger
Mahir Rizvanovic,28/09/2005,19,902107,Innenverteidiger
Ivan Kovacevic,03/02/2005,19,911218,Innenverteidiger
Dircssi Ngonzo,31/07/2005,19,923809,Innenverteidiger
Ezequiel Meili,22/04/2006,18,1046526,Innenverteidiger
Mattia Walker,11/02/2005,19,865986,Defensives Mittelfeld
Johan Manzambi,14/10/2005,19,927353,Zentrales Mittelfeld
Samuel Marques,04/02/2005,19,867589,Zentrales Mittelfeld
Jacques Bomo,02/10/2005,19,862733,Zentrales Mittelfeld
Sebastian Walker,01/10/2005,19,911244,Linkes Mittelfeld
Vasco Tritten,29/08/2005,19,927354,Offensives Mittelfeld
Lutfi Dalipi,23/05/2006,18,1074130,Offensives Mittelfeld
Noah Streit,11/10/2005,19,688614,Linksaußen
Samuel Krasniqi,03/01/2005,19,862746,Linksaußen
Moaed El Jaouzy,23/03/2005,19,863749,Linksaußen
Levi Läderach,14/10/2005,19,923086,Linksaußen
Tiemoko Ouattara,25/05/2005,19,897461,Mittelstürmer
Julius Holder,24/03/2005,19,863748,Mittelstürmer
Felix Emmanuel Tsimba,22/06/2006,18,1060983,Mittelstürmer
Diego Mina,12/08/2005,19,895728,Torwart
Leandro Bötschi,26/01/2004,20,659279,Torwart
Roggerio Nyakossi,13/01/2004,20,805484,Innenverteidiger
Daniel Denoon,28/01/2004,20,692187,Innenverteidiger
Philip Näf,17/02/2004,20,639966,Rechter Verteidiger
Leo Buljan,01/03/2004,20,807897,Defensives Mittelfeld
Amin Hajoubi,30/07/2004,20,805517,Defensives Mittelfeld
Lois Ndema,03/10/2004,20,805486,Zentrales Mittelfeld
Jashar Dema,10/08/2005,19,864371,Zentrales Mittelfeld
Dion Kacuri,11/02/2004,20,659352,Offensives Mittelfeld
Alexandre Patrício,17/02/2004,20,805487,Mittelstürmer
Malko Sartoretti,23/07/2004,20,805519,Mittelstürmer
Basile Ogouvide,02/01/2004,20,801934,Innenverteidiger
Elia Kurzidim,06/06/2004,20,604818,Rechter Verteidiger
Marvin Keller,03/07/2002,22,500763,Torwart
Serkan Polat,26/02/2001,23,391917,Torwart
Adrian Bajrami,05/04/2002,22,582987,Innenverteidiger
Mathis Magnin,24/09/2001,23,537825,Innenverteidiger
Sidy Diagne,11/01/2002,22,700665,Rechter Verteidiger
Samuel Ballet,12/03/2001,23,309977,Rechtsaußen
Yvan Alounga,05/02/2002,22,534493,Mittelstürmer
Gianluca Tolino,20/01/2000,24,521437,Torwart
Pascal Schüpbach,11/04/2000,24,311799,Linker Verteidiger
Ruben Correia,06/01/2000,24,365103,Rechter Verteidiger
Nias Hefti,18/09/1999,25,410634,Linker Verteidiger
Alessandro Maestri,13/04/1999,25,413455,Linker Verteidiger
Luca Fomasi,10/01/1999,25,413462,Rechter Verteidiger
Maren Haile-Selassie,13/03/1999,25,421807,Rechtes Mittelfeld
Filip Ugrinic,05/01/1999,25,394236,Linkes Mittelfeld
Dan Ndoye,25/10/2000,24,365108,Rechtsaußen
Filip Stojilkovic,04/01/2000,24,464195,Mittelstürmer
Léo Lécureux,10/11/1998,26,363617,Torwart
Cédric Zesiger,24/06/1998,26,382478,Innenverteidiger
Julian Roth,14/03/1998,26,370394,Innenverteidiger
Allan Arigoni,04/11/1998,26,413439,Rechter Verteidiger
Fabio Dixon,21/06/1999,25,464192,Rechter Verteidiger
Gezim Pepsi,12/07/1998,26,342825,Defensives Mittelfeld
Toni Domgjoni,04/09/1998,26,344649,Zentrales Mittelfeld
Giulio Imbriaco,03/02/1998,26,399787,Offensives Mittelfeld
Rrezart Hoxha,26/05/1998,26,322512,Mittelstürmer
Aldin Fatic,14/08/1998,26,388816,Innenverteidiger
Bruno Morgado,16/12/1997,26,317583,Linker Verteidiger
Linus Obexer,05/06/1997,27,254972,Linker Verteidiger
Stefan Bakalovic,24/06/1997,27,342382,Linker Verteidiger
Bastien Conus,09/02/1998,26,410604,Linker Verteidiger
Noha Sylvestre,29/12/1997,26,290488,Defensives Mittelfeld
Fabian Rohner,17/08/1998,26,451483,Rechtes Mittelfeld
Merlin Hadzi,17/09/1998,26,397622,Rechtsaußen
Kwadwo Duah,24/02/1997,27,254955,Mittelstürmer
Aimery Pinga,06/01/1998,26,347097,Mittelstürmer
Yanick Hofer,28/09/1996,28,298592,Torwart
Miguel Rodrigues,07/12/1996,27,287549,Innenverteidiger
Grégoire Mvodo,27/05/1997,27,342381,Innenverteidiger
Alex Lehtinen,09/04/1996,28,248603,Linker Verteidiger
Marvin Spielmann,23/02/1996,28,192653,Linkes Mittelfeld
Oscar Correia,28/09/1997,27,345235,Rechtsaußen
Arthur Njo-Léa,04/06/1996,28,252356,Hängende Spitze
Cedric Itten,27/12/1996,27,243856,Mittelstürmer
Aldin Turkes,22/04/1996,28,192655,Mittelstürmer
Ahmet Özcan,07/03/1995,29,240356,Innenverteidiger
Saidy Janko,22/10/1995,29,196435,Rechter Verteidiger
Daniel Lässer,17/03/1995,29,270200,Defensives Mittelfeld
Nicolas Andermatt,06/11/1995,29,196433,Zentrales Mittelfeld
Karim Gazzetta,01/04/1995,29,223521,Offensives Mittelfeld
Bryan Roux,22/05/1995,29,213164,Innenverteidiger
Gregory Wüthrich,04/12/1994,29,203125,Innenverteidiger
Nedim Sacirovic,04/04/1994,30,194979,Linker Verteidiger
Nico Samson,25/05/1994,30,216848,Rechter Verteidiger
Renato Sergi,09/02/1995,29,240363,Linksaußen
Christopher Teichmann,13/10/1995,29,235489,Rechtsaußen
Jordi Nsiala,04/05/1994,30,183021,Mittelstürmer
Haris Tabakovic,20/06/1994,30,203123,Mittelstürmer
Alessandro Merlo,04/05/1993,31,168983,Torwart
Berat Djimsiti,19/02/1993,31,165513,Innenverteidiger
Marco Bürki,10/07/1993,31,172192,Innenverteidiger
Daniele Romano,05/05/1993,31,182584,Linker Verteidiger
Naser Aliji,27/12/1993,30,172982,Linker Verteidiger
Silvan Widmer,05/03/1993,31,168989,Rechter Verteidiger
Hekuran Kryeziu,12/02/1993,31,168979,Defensives Mittelfeld
Baptiste Bétrisey,13/02/1994,30,194976,Mittelfeld
Romain Dessarzin,09/11/1993,31,225310,Rechtes Mittelfeld
Bojan Malbasic,09/01/1993,31,168981,Offensives Mittelfeld
Kerim Frei,19/11/1993,30,146844,Linksaußen
Mehmed Begzadic,05/01/1993,31,147279,Linksaußen
Evan Melo,31/05/1993,31,166407,Mittelstürmer
Hélios Sessolo,26/05/1993,31,159317,Mittelstürmer
Loris Benito,07/01/1992,32,119085,Innenverteidiger
Léo Lacroix,27/02/1992,32,149652,Innenverteidiger
Alexandre Veuthey,14/01/1993,31,149494,Innenverteidiger
Simon Grether,20/05/1992,32,159299,Rechter Verteidiger
Adrien Rawyler,13/06/1993,31,192964,Rechter Verteidiger
Mirko Facchinetti,31/05/1992,32,154587,Defensives Mittelfeld
Remo Freuler,15/04/1992,32,148252,Zentrales Mittelfeld
Nélson Borges,17/10/1992,32,145814,Offensives Mittelfeld
Josip Drmic,08/08/1992,32,140579,Mittelstürmer
Bashkim Sukaj,20/03/1992,32,146430,Mittelstürmer
Cenk-Onur Cokicli,14/01/1992,32,146269,Mittelstürmer
René Borkovic,21/04/1991,33,66011,Torwart
Hrvoje Bukovski,05/11/1991,33,74289,Torwart
Stefano Milani,13/01/1991,33,71042,Innenverteidiger
Adriano de Pierro,11/01/1991,33,115188,Innenverteidiger
Marc Dinkel,05/02/1991,33,133887,Linker Verteidiger
Michael Lang,08/02/1991,33,51346,Rechter Verteidiger
David Frey,08/02/1991,33,89485,Rechter Verteidiger
Bigambo Rochat,29/05/1991,33,71036,Rechter Verteidiger
Gianluca D'Angelo,13/03/1991,33,73020,Defensives Mittelfeld
Dino Rebronja,12/06/1991,33,70790,Defensives Mittelfeld
Taulant Xhaka,28/03/1991,33,113125,Defensives Mittelfeld
Etienne Manca,24/10/1991,33,128458,Defensives Mittelfeld
Steven Ukoh,19/06/1991,33,61361,Zentrales Mittelfeld
Marco Aratore,04/06/1991,33,86788,Linkes Mittelfeld
Xherdan Shaqiri,10/10/1991,33,86792,Offensives Mittelfeld
Mattia Bottani,24/05/1991,33,86484,Offensives Mittelfeld
Ivan Audino,13/07/1991,33,74128,Offensives Mittelfeld
Tolga Mertoğlu,03/03/1991,33,98517,Rechtsaußen
Loris Schreiber,26/05/2006,18,925212,Linker Verteidiger
Francesco Lentini,24/10/2006,18,939979,Linksaußen
Cyrill Emch,15/09/2005,19,925220,Torwart
Ranjan Neelakandan,20/01/2005,19,923434,Mittelstürmer
Janis Lüthi,31/03/2005,19,927407,Mittelstürmer
Ardian Bajrami,08/03/2004,20,707530,Torwart
Valton Behrami,16/03/2004,20,816702,Linker Verteidiger
Livio von Holzen,09/08/2004,20,728347,Linker Verteidiger
Issa Kaloga,27/02/2004,20,810969,Rechter Verteidiger
Ben Heuser,25/01/2004,20,698672,Linksaußen
Pirosch Fischer,23/07/2004,20,692198,Rechtsaußen
Nando Toggenburger,17/03/2004,20,728338,Mittelstürmer
Oliver Schmidhauser,02/06/2004,20,807955,Mittelstürmer
Abdullah Laidani,26/04/2003,21,618674,Torwart
Pascal Loretz,01/06/2003,21,583038,Torwart
Karim Sow,22/05/2003,21,707657,Innenverteidiger
Binjamin Hasani,22/04/2003,21,629408,Innenverteidiger
Malik Sawadogo,12/07/2003,21,633972,Linker Verteidiger
Liam Bollati,09/11/2003,21,704412,Rechter Verteidiger
Silvan Schwegler,04/09/2003,21,629390,Defensives Mittelfeld
Leorat Bega,18/07/2003,21,708436,Defensives Mittelfeld
Filipe de Carvalho,01/12/2003,20,659353,Linkes Mittelfeld
Alessio Besio,18/03/2004,20,659278,Mittelstürmer
Aaron Appiah,18/05/2003,21,707663,Mittelstürmer
Noah Falk,08/12/2001,22,365096,Torwart
Nikita Vlasenko,20/03/2001,23,510898,Innenverteidiger
Lars Traber,12/06/2000,24,521438,Innenverteidiger
Nino Ziswiler,23/10/1999,25,421794,Torwart
Lindrit Kamberi,07/10/1999,25,464190,Innenverteidiger
Uran Bislimi,25/09/1999,25,461461,Zentrales Mittelfeld
Philipp Köhn,02/04/1998,26,251322,Torwart
Philippe Beck,12/05/1999,25,498878,Innenverteidiger
Mattia Celant,14/02/1999,25,461458,Rechter Verteidiger
Noah Uche,01/09/1999,25,483765,Rechter Verteidiger
Eris Abedini,29/08/1998,26,413459,Defensives Mittelfeld
Mats Hammerich,12/02/1998,26,303837,Defensives Mittelfeld
Magnus Breitenmoser,06/08/1998,26,359328,Zentrales Mittelfeld
Dilan Qela,07/08/1998,26,443429,Zentrales Mittelfeld
Pedro Teixeira,07/09/1998,26,433189,Linkes Mittelfeld
Denis Zakaria,20/11/1996,27,334526,Defensives Mittelfeld
Nikola Milosavljevic,24/04/1996,28,317835,Zentrales Mittelfeld
Kevin Martin,13/06/1995,29,284695,Torwart
Mirsad Hasanovic,03/07/1995,29,278305,Innenverteidiger
Louis Gebistorf,20/01/1996,28,192617,Innenverteidiger
Michael Kempter,12/01/1995,29,183448,Linker Verteidiger
Armin Alesevic,06/03/1994,30,183015,Innenverteidiger
Roy Gelmi,01/03/1995,29,282520,Innenverteidiger
Alexandre Infante,18/08/1994,30,224752,Linker Verteidiger
Nicolas Lüchinger,16/10/1994,30,183260,Rechter Verteidiger
Francisco Rodríguez,14/09/1995,29,227967,Offensives Mittelfeld
Thomas Castella,30/06/1993,31,165435,Torwart
Etienne Scholz,03/08/1993,31,172995,Defensives Mittelfeld
Saulo Decarli,04/02/1992,32,154578,Innenverteidiger
Mario Bühler,05/01/1992,32,166375,Innenverteidiger
Bastien Hulmann,08/01/1993,31,154497,Zentrales Mittelfeld
Simone Rapp,01/10/1992,32,154635,Mittelstürmer
Fabio Daprelà,19/02/1991,33,66109,Innenverteidiger
Jérémy Manière,26/07/1991,33,109717,Innenverteidiger
Anthony Sauthier,05/02/1991,33,69899,Rechter Verteidiger
Moritz Bauer,25/01/1992,32,159692,Rechter Verteidiger
Alexandre Pasche,31/05/1991,33,61487,Zentrales Mittelfeld
Michel Gadient,09/02/1991,33,138089,Zentrales Mittelfeld
Admir Mehmedi,16/03/1991,33,66058,Hängende Spitze
Steven Zuber,17/08/1991,33,68033,Mittelstürmer
Loic Chatton,26/02/1991,33,91271,Mittelstürmer
Steven Deana,04/03/1990,34,61150,Torwart
Christopher Meylan,24/09/1990,34,69896,Torwart
Oliver Klaus,04/05/1990,34,86790,Torwart
François Affolter,13/03/1991,33,87268,Innenverteidiger
Zlatko Hebib,28/12/1990,33,68278,Innenverteidiger
Michele Monighetti,03/05/1991,33,128459,Innenverteidiger
Roman Grossenbacher,18/02/1990,34,88423,Linker Verteidiger
Philippe Koch,08/02/1991,33,66037,Rechter Verteidiger
Rolf Feltscher,06/10/1990,34,52590,Rechter Verteidiger
Dragan Mihajlovic,22/08/1991,33,74741,Rechter Verteidiger
Alain Wiss,21/08/1990,34,58165,Defensives Mittelfeld
Vullnet Basha,11/07/1990,34,56324,Defensives Mittelfeld
Amir Abrashi,27/03/1990,34,66005,Defensives Mittelfeld
Bruce Lalombongo,29/04/1990,34,52137,Defensives Mittelfeld
Raphael Koch,20/01/1990,34,65518,Defensives Mittelfeld
Daniel Unal,18/01/1990,34,52559,Zentrales Mittelfeld
Maurice Brunner,29/01/1991,33,107784,Rechtes Mittelfeld
Marco Schönbächler,11/01/1990,34,47528,Linkes Mittelfeld
Sébastien Wüthrich,29/05/1990,34,52744,Offensives Mittelfeld
Florian Berisha,18/01/1990,34,47607,Offensives Mittelfeld
Thierry Moutinho,26/02/1991,33,64804,Rechtsaußen
Orhan Mustafi,04/04/1990,34,74537,Mittelstürmer
Sven Lehmann,18/12/1991,32,74972,Mittelstürmer
Zachary Athekame,13/12/2004,19,990637,Rechter Verteidiger
Alvyn Sanches,12/02/2003,21,583058,Zentrales Mittelfeld
Ryan Fosso,17/06/2002,22,620832,Zentrales Mittelfeld
Valmir Matoshi,04/07/2003,21,671806,Zentrales Mittelfeld
Daniel Dos Santos,29/12/2002,21,608212,Offensives Mittelfeld
Franck Surdez,05/05/2002,22,627196,Linksaußen
Aaron Keller,15/05/2004,20,727538,Linksaußen
Théo Berdayes,23/05/2002,22,608160,Rechtsaußen
Lars Villiger,29/04/2003,21,707759,Mittelstürmer
Amir Saipi,08/07/2000,24,448169,Torwart
Justin Hammel,02/12/2000,23,496239,Torwart
Marco Burch,19/10/2000,24,479268,Innenverteidiger
Joel Bichsel,04/03/2002,22,620834,Innenverteidiger
Nando Zimmermann,27/07/2002,22,620757,Linker Verteidiger
Ardon Jashari,30/07/2002,22,608172,Defensives Mittelfeld
Gabriel Barès,29/08/2000,24,484743,Defensives Mittelfeld
Tim Meyer,08/07/2004,20,807941,Defensives Mittelfeld
Albin Krasniqi,06/04/2003,21,684604,Rechtsaußen
Zeki Amdouni,04/12/2000,23,548729,Mittelstürmer
Fabrizio Cavegn,28/08/2002,22,707550,Mittelstürmer
Stijn Keller,10/04/2000,24,458417,Torwart
Anel Husic,01/03/2001,23,365107,Innenverteidiger
Anthony Racioppi,31/12/1998,25,395671,Torwart
Timothy Fayulu,24/07/1999,25,541420,Torwart
Adrian Gantenbein,18/04/2001,23,410870,Rechter Verteidiger
Silvan Sidler,07/07/1998,26,342063,Rechter Verteidiger
Loïc Jacot,07/10/1999,25,443419,Torwart
Cameron Puertas,18/08/1998,26,449592,Offensives Mittelfeld
Rubén Vargas,05/08/1998,26,345886,Linksaußen
Stefan Knezevic,30/10/1996,28,293247,Innenverteidiger
Jean-Pierre Rhyner,16/03/1996,28,203981,Innenverteidiger
Enrique Wild,27/09/1999,25,359079,Linker Verteidiger
Edimilson Fernandes,15/04/1996,28,247555,Defensives Mittelfeld
Sandro Lauper,25/10/1996,28,254965,Defensives Mittelfeld
Shkelqim Demhasaj,19/04/1996,28,294583,Mittelstürmer
Florent Hadergjonaj,31/07/1994,30,238809,Rechter Verteidiger
Florian Kamberi,08/03/1995,29,284020,Mittelstürmer
Manuel Akanji,19/07/1995,29,284730,Innenverteidiger
Nicola Sutter,08/05/1995,29,247223,Innenverteidiger
Basil Stillhart,24/03/1994,30,269526,Innenverteidiger
Ulisse Pelloni,07/02/1994,30,192846,Torwart
Marco Thaler,28/06/1994,30,235491,Innenverteidiger
Jetmir Krasniqi,01/01/1995,29,284691,Rechter Verteidiger
Max Veloso,27/03/1992,32,119627,Zentrales Mittelfeld
Mergim Brahimi,08/08/1992,32,159706,Offensives Mittelfeld
Olivier Jäckle,07/01/1993,31,167190,Defensives Mittelfeld
Roman Bürki,14/11/1990,33,59027,Torwart
Joël Mall,05/04/1991,33,78868,Torwart
Fabian Schär,20/12/1991,32,135343,Innenverteidiger
Mickaël Facchinetti,15/02/1991,33,79392,Linker Verteidiger
François Moubandje,21/06/1990,34,123021,Linker Verteidiger
Andreas Wittwer,05/10/1990,34,91879,Linker Verteidiger
Nzuzi Toko,20/11/1990,33,68004,Defensives Mittelfeld
Antonio Marchesano,18/01/1991,33,150963,Offensives Mittelfeld
Izet Hajrovic,04/08/1991,33,74996,Rechtsaußen
Orhan Ademi,28/10/1991,33,92111,Mittelstürmer
Yann Sommer,17/12/1988,35,42205,Torwart
Kevin Fickentscher,06/07/1988,36,33651,Torwart
Fabian Lustenberger,02/05/1988,36,42203,Innenverteidiger
Timm Klose,09/05/1988,36,65255,Innenverteidiger
Jonathan Rossini,05/04/1989,35,54916,Innenverteidiger
Daniel Pavlovic,22/04/1988,36,19671,Innenverteidiger
Gaetano Berardi,21/08/1988,36,43084,Rechter Verteidiger
Michel Morganella,17/05/1989,35,47544,Rechter Verteidiger
Fabian Frei,08/01/1989,35,52595,Defensives Mittelfeld
Xavier Hochstrasser,01/07/1988,36,40813,Zentrales Mittelfeld
Pascal Schürpf,15/07/1989,35,65290,Linkes Mittelfeld
Moreno Costanzo,20/02/1988,36,41207,Offensives Mittelfeld
Frank Feltscher,17/05/1988,36,46039,Rechtsaußen
Innocent Emeghara,27/05/1989,35,66022,Mittelstürmer
Mario Gavranovic,24/11/1989,34,61380,Mittelstürmer
Aleksandar Prijovic,21/04/1990,34,61505,Mittelstürmer
Simone Grippo,12/12/1988,35,41767,Innenverteidiger
Genséric Kusunga,12/03/1988,36,39533,Innenverteidiger
Igor Djuric,30/08/1988,36,33756,Innenverteidiger
Adrian Nikci,10/11/1989,35,63384,Linksaußen
Alessandro Ciarrocchi,03/01/1988,36,33508,Mittelstürmer
Jayson Leutwiler,25/04/1989,35,52598,Torwart
Jonas Elmer,28/02/1988,36,31774,Linker Verteidiger
Mihael Kovacevic,06/03/1988,36,54651,Rechter Verteidiger
Cabral,22/10/1988,36,33046,Defensives Mittelfeld
Serkan Şahin,15/02/1988,36,65284,Zentrales Mittelfeld
Damian Bellon,28/08/1989,35,42296,Offensives Mittelfeld
Valentin Stocker,12/04/1989,35,45178,Linksaußen
Shkëlzen Gashi,15/07/1988,36,32704,Linksaußen
Eren Derdiyok,12/06/1988,36,47543,Mittelstürmer
David von Ballmoos,30/12/1994,29,203124,Torwart
Vincent Sierro,08/10/1995,29,280387,Zentrales Mittelfeld
Joël Monteiro,05/08/1999,25,410787,Rechtes Mittelfeld
Jonas Omlin,10/01/1994,30,247915,Torwart
Christian Fassnacht,11/11/1993,31,250490,Rechtsaußen
Renato Steffen,03/11/1991,33,194638,Rechtsaußen
Stephan Lichtsteiner,16/01/1984,40,2865,Rechter Verteidiger
Marwin Hitz,18/09/1987,37,59238,Torwart
Johan Djourou,18/01/1987,37,34561,Innenverteidiger
Gelson Fernandes,02/09/1986,38,20081,Defensives Mittelfeld
Valon Behrami,19/04/1985,39,21905,Defensives Mittelfeld
Blerim Dzemaili,12/04/1986,38,9967,Zentrales Mittelfeld
Steve von Bergen,10/06/1983,41,4793,Innenverteidiger
Philippe Senderos,14/02/1985,39,4277,Innenverteidiger
Luca Zuffi,27/03/1990,34,59246,Zentrales Mittelfeld
Gökhan Inler,27/06/1984,40,19041,Defensives Mittelfeld
Diego Benaglio,08/09/1983,41,1667,Torwart
Reto Ziegler,16/01/1986,38,9915,Innenverteidiger
Pirmin Schwegler,09/03/1987,37,14533,Defensives Mittelfeld
Tranquillo Barnetta,22/05/1985,39,6645,Offensives Mittelfeld
Marco Wölfli,22/08/1982,42,4860,Torwart
Alain Nef,06/02/1982,42,4945,Innenverteidiger
Adrian Winter,08/07/1986,38,59681,Rechtes Mittelfeld
Marco Mathys,05/07/1987,37,30125,Offensives Mittelfeld
Matias Vitkieviez,16/05/1985,39,43561,Rechtsaußen
Johnny Leoni,30/06/1984,40,13326,Torwart
Stéphane Grichting,30/03/1979,45,5419,Innenverteidiger
Beg Ferati,10/11/1986,38,53808,Innenverteidiger
Vincent Rüfli,22/01/1988,36,23874,Rechter Verteidiger
David Degen,15/02/1983,41,4911,Rechtes Mittelfeld
Xavier Margairaz,07/01/1984,40,9554,Offensives Mittelfeld
Hakan Yakin,22/02/1977,47,1054,Offensives Mittelfeld
Alex Frei,15/07/1979,45,4977,Mittelstürmer
Marco Streller,18/06/1981,43,4879,Mittelstürmer
Germano Vailati,30/08/1980,44,20104,Torwart
Mario Eggimann,24/01/1981,43,1587,Innenverteidiger
Ludovic Magnin,20/04/1979,45,1427,Linker Verteidiger
Christoph Spycher,30/03/1978,46,2871,Linker Verteidiger
Scott Sutter,13/05/1986,38,34520,Rechter Verteidiger
Marco Padalino,08/12/1983,40,22088,Rechter Verteidiger
Benjamin Huggel,07/07/1977,47,2889,Defensives Mittelfeld
Davide Chiumiento,22/11/1984,39,17332,Offensives Mittelfeld
Albert Bunjaku,29/11/1983,40,19194,Mittelstürmer
Blaise Nkufo,25/05/1975,49,1076,Mittelstürmer
Heinz Barmettler,21/07/1987,37,38124,Innenverteidiger
Philipp Degen,15/02/1983,41,2895,Rechter Verteidiger
Almen Abdi,21/10/1986,38,9966,Zentrales Mittelfeld
Johan Vonlanthen,01/02/1986,38,4692,Linkes Mittelfeld
Alberto Regazzoni,04/05/1983,41,20100,Linksaußen
